[
  {
    "slug": "carlow",
    "name": "Carlow",
    "province": "Leinster",
    "motto": "",
    "colours": [
      "#006633",
      "#ffffff"
    ],
    "primary_colour": "#006633",
    "secondary_colour": "#ffffff",
    "key_places": [],
    "key_industries": [],
    "key_history": [],
    "centroid": {
      "lat": 0,
      "lng": 0
    }
  },
  {
    "slug": "cavan",
    "name": "Cavan",
    "province": "Ulster",
    "motto": "",
    "colours": [
      "#ffcc00",
      "#cc0000"
    ],
    "primary_colour": "#ffcc00",
    "secondary_colour": "#cc0000",
    "key_places": [],
    "key_industries": [],
    "key_history": [],
    "centroid": {
      "lat": 0,
      "lng": 0
    }
  },
  {
    "slug": "clare",
    "name": "Clare",
    "province": "Munster",
    "motto": "",
    "colours": [
      "#990000",
      "#ffffff"
    ],
    "primary_colour": "#990000",
    "secondary_colour": "#ffffff",
    "key_places": [],
    "key_industries": [],
    "key_history": [],
    "centroid": {
      "lat": 0,
      "lng": 0
    }
  },
  {
    "slug": "cork",
    "name": "Cork",
    "province": "Munster",
    "motto": "",
    "colours": [
      "#990000",
      "#ffffff"
    ],
    "primary_colour": "#990000",
    "secondary_colour": "#ffffff",
    "key_places": [],
    "key_industries": [],
    "key_history": [],
    "centroid": {
      "lat": 0,
      "lng": 0
    }
  },
  {
    "slug": "corkcity",
    "name": "CorkCity",
    "province": "",
    "motto": "",
    "colours": [
      "#339966",
      "#ffffff"
    ],
    "primary_colour": "#339966",
    "secondary_colour": "#ffffff",
    "key_places": [],
    "key_industries": [],
    "key_history": [],
    "centroid": {
      "lat": 0,
      "lng": 0
    }
  },
  {
    "slug": "donegal",
    "name": "Donegal",
    "province": "Ulster",
    "motto": "",
    "colours": [
      "#ffcc00",
      "#cc0000"
    ],
    "primary_colour": "#ffcc00",
    "secondary_colour": "#cc0000",
    "key_places": [],
    "key_industries": [],
    "key_history": [],
    "centroid": {
      "lat": 0,
      "lng": 0
    }
  },
  {
    "slug": "dublin",
    "name": "Dublin",
    "province": "Leinster",
    "motto": "",
    "colours": [
      "#006633",
      "#ffffff"
    ],
    "primary_colour": "#006633",
    "secondary_colour": "#ffffff",
    "key_places": [],
    "key_industries": [],
    "key_history": [],
    "centroid": {
      "lat": 0,
      "lng": 0
    }
  },
  {
    "slug": "galway",
    "name": "Galway",
    "province": "Connacht",
    "motto": "",
    "colours": [
      "#003399",
      "#ffffff"
    ],
    "primary_colour": "#003399",
    "secondary_colour": "#ffffff",
    "key_places": [],
    "key_industries": [],
    "key_history": [],
    "centroid": {
      "lat": 0,
      "lng": 0
    }
  },
  {
    "slug": "kerry",
    "name": "Kerry",
    "province": "Munster",
    "motto": "",
    "colours": [
      "#990000",
      "#ffffff"
    ],
    "primary_colour": "#990000",
    "secondary_colour": "#ffffff",
    "key_places": [],
    "key_industries": [],
    "key_history": [],
    "centroid": {
      "lat": 0,
      "lng": 0
    }
  },
  {
    "slug": "kildare",
    "name": "Kildare",
    "province": "Leinster",
    "motto": "",
    "colours": [
      "#006633",
      "#ffffff"
    ],
    "primary_colour": "#006633",
    "secondary_colour": "#ffffff",
    "key_places": [],
    "key_industries": [],
    "key_history": [],
    "centroid": {
      "lat": 0,
      "lng": 0
    }
  },
  {
    "slug": "kilkenny",
    "name": "Kilkenny",
    "province": "Leinster",
    "motto": "",
    "colours": [
      "#006633",
      "#ffffff"
    ],
    "primary_colour": "#006633",
    "secondary_colour": "#ffffff",
    "key_places": [],
    "key_industries": [],
    "key_history": [],
    "centroid": {
      "lat": 0,
      "lng": 0
    }
  },
  {
    "slug": "laois",
    "name": "Laois",
    "province": "Leinster",
    "motto": "",
    "colours": [
      "#006633",
      "#ffffff"
    ],
    "primary_colour": "#006633",
    "secondary_colour": "#ffffff",
    "key_places": [],
    "key_industries": [],
    "key_history": [],
    "centroid": {
      "lat": 0,
      "lng": 0
    }
  },
  {
    "slug": "leitrim",
    "name": "Leitrim",
    "province": "Connacht",
    "motto": "",
    "colours": [
      "#003399",
      "#ffffff"
    ],
    "primary_colour": "#003399",
    "secondary_colour": "#ffffff",
    "key_places": [],
    "key_industries": [],
    "key_history": [],
    "centroid": {
      "lat": 0,
      "lng": 0
    }
  },
  {
    "slug": "limerick",
    "name": "Limerick",
    "province": "Munster",
    "motto": "",
    "colours": [
      "#990000",
      "#ffffff"
    ],
    "primary_colour": "#990000",
    "secondary_colour": "#ffffff",
    "key_places": [],
    "key_industries": [],
    "key_history": [],
    "centroid": {
      "lat": 0,
      "lng": 0
    }
  },
  {
    "slug": "longford",
    "name": "Longford",
    "province": "Leinster",
    "motto": "",
    "colours": [
      "#006633",
      "#ffffff"
    ],
    "primary_colour": "#006633",
    "secondary_colour": "#ffffff",
    "key_places": [],
    "key_industries": [],
    "key_history": [],
    "centroid": {
      "lat": 0,
      "lng": 0
    }
  },
  {
    "slug": "louth",
    "name": "Louth",
    "province": "Leinster",
    "motto": "",
    "colours": [
      "#006633",
      "#ffffff"
    ],
    "primary_colour": "#006633",
    "secondary_colour": "#ffffff",
    "key_places": [],
    "key_industries": [],
    "key_history": [],
    "centroid": {
      "lat": 0,
      "lng": 0
    }
  },
  {
    "slug": "mayo",
    "name": "Mayo",
    "province": "Connacht",
    "motto": "",
    "colours": [
      "#003399",
      "#ffffff"
    ],
    "primary_colour": "#003399",
    "secondary_colour": "#ffffff",
    "key_places": [],
    "key_industries": [],
    "key_history": [],
    "centroid": {
      "lat": 0,
      "lng": 0
    }
  },
  {
    "slug": "meath",
    "name": "Meath",
    "province": "Leinster",
    "motto": "",
    "colours": [
      "#006633",
      "#ffffff"
    ],
    "primary_colour": "#006633",
    "secondary_colour": "#ffffff",
    "key_places": [],
    "key_industries": [],
    "key_history": [],
    "centroid": {
      "lat": 0,
      "lng": 0
    }
  },
  {
    "slug": "monaghan",
    "name": "Monaghan",
    "province": "Ulster",
    "motto": "",
    "colours": [
      "#ffcc00",
      "#cc0000"
    ],
    "primary_colour": "#ffcc00",
    "secondary_colour": "#cc0000",
    "key_places": [],
    "key_industries": [],
    "key_history": [],
    "centroid": {
      "lat": 0,
      "lng": 0
    }
  },
  {
    "slug": "offaly",
    "name": "Offaly",
    "province": "Leinster",
    "motto": "",
    "colours": [
      "#006633",
      "#ffffff"
    ],
    "primary_colour": "#006633",
    "secondary_colour": "#ffffff",
    "key_places": [],
    "key_industries": [],
    "key_history": [],
    "centroid": {
      "lat": 0,
      "lng": 0
    }
  },
  {
    "slug": "roscommon",
    "name": "Roscommon",
    "province": "Connacht",
    "motto": "",
    "colours": [
      "#003399",
      "#ffffff"
    ],
    "primary_colour": "#003399",
    "secondary_colour": "#ffffff",
    "key_places": [],
    "key_industries": [],
    "key_history": [],
    "centroid": {
      "lat": 0,
      "lng": 0
    }
  },
  {
    "slug": "sligo",
    "name": "Sligo",
    "province": "Connacht",
    "motto": "",
    "colours": [
      "#003399",
      "#ffffff"
    ],
    "primary_colour": "#003399",
    "secondary_colour": "#ffffff",
    "key_places": [],
    "key_industries": [],
    "key_history": [],
    "centroid": {
      "lat": 0,
      "lng": 0
    }
  },
  {
    "slug": "tipperary",
    "name": "Tipperary",
    "province": "Munster",
    "motto": "",
    "colours": [
      "#990000",
      "#ffffff"
    ],
    "primary_colour": "#990000",
    "secondary_colour": "#ffffff",
    "key_places": [],
    "key_industries": [],
    "key_history": [],
    "centroid": {
      "lat": 0,
      "lng": 0
    }
  },
  {
    "slug": "waterford",
    "name": "Waterford",
    "province": "Munster",
    "motto": "",
    "colours": [
      "#990000",
      "#ffffff"
    ],
    "primary_colour": "#990000",
    "secondary_colour": "#ffffff",
    "key_places": [],
    "key_industries": [],
    "key_history": [],
    "centroid": {
      "lat": 0,
      "lng": 0
    }
  },
  {
    "slug": "westmeath",
    "name": "Westmeath",
    "province": "Leinster",
    "motto": "",
    "colours": [
      "#006633",
      "#ffffff"
    ],
    "primary_colour": "#006633",
    "secondary_colour": "#ffffff",
    "key_places": [],
    "key_industries": [],
    "key_history": [],
    "centroid": {
      "lat": 0,
      "lng": 0
    }
  },
  {
    "slug": "wexford",
    "name": "Wexford",
    "province": "Leinster",
    "motto": "",
    "colours": [
      "#006633",
      "#ffffff"
    ],
    "primary_colour": "#006633",
    "secondary_colour": "#ffffff",
    "key_places": [],
    "key_industries": [],
    "key_history": [],
    "centroid": {
      "lat": 0,
      "lng": 0
    }
  },
  {
    "slug": "wicklow",
    "name": "Wicklow",
    "province": "Leinster",
    "motto": "",
    "colours": [
      "#006633",
      "#ffffff"
    ],
    "primary_colour": "#006633",
    "secondary_colour": "#ffffff",
    "key_places": [],
    "key_industries": [],
    "key_history": [],
    "centroid": {
      "lat": 0,
      "lng": 0
    }
  }
]